{"max": [0.13, 0.59, 0.129971], "centroid": [1.6425058339453263e-17, 0.15632640334572337, -2.669998993171087e-18], "id": "ce2508ec4476b2cbf51f77a6d7299806", "numVertices": 2152, "min": [-0.13, 0.0, -0.129971]}
