{"max": [47.2551, 9.5034, 53.1394], "centroid": [-11.985336977329977, 5.695968211586901, 41.77175574307305], "id": "886942791e830bf1d32b1717fde97410", "numVertices": 397, "min": [-71.9079, 1.58849, 4.65673]}
