{"max": [-1.2709, 0.647122, -2.45116], "centroid": [-1.6645975, 0.3235609999999998, -2.8448566666666664], "id": "cf158e768a6c9c8a17cab8b41d766398", "numVertices": 48, "min": [-2.0583, 0.0, -3.23856]}
