{"max": [0.89101, 0.0549272, 1.06624], "centroid": [-0.04217836717678079, -0.140000330275461, 0.532244160849604], "id": "1dc36bb29702c28b3321831d2245cf06", "numVertices": 758, "min": [-0.937779, -0.503873, -0.000562915]}
