{"max": [-0.102066, 1.7678, 0.681617], "centroid": [-0.7071075800302525, 0.9036967406959153, 0.42862018729198037], "id": "51245ad5a0571188992fd3dac901d508", "numVertices": 3305, "min": [-1.33677, 0.134571, 0.176373]}
