{"max": [0.0, 1.37, 0.4], "centroid": [-0.6412496905952376, 0.6849999238095233, 0.20000002791666618], "id": "cc38bc7db90f43d214b86d5282eb8301", "numVertices": 336, "min": [-1.18, 0.0, 0.0]}
