{"max": [0.0, 1.2192, 0.40005], "centroid": [-0.7195572645161277, 0.6095998471612901, 0.20002499999999837], "id": "43731a6a4bd64ae5492d9da2668ec34c", "numVertices": 620, "min": [-1.8288, 0.0, 0.0]}
