{"max": [1.64197, 1.14382, -0.152511], "centroid": [-0.3886996908454423, 0.6486271343533961, -0.7329594390560145], "id": "e74d866f44f857e77b5d58e18a4bdcae", "numVertices": 11568, "min": [-2.42755, 0.0074298, -1.31703]}
