{"max": [-35.9902, 13.2624, 24.1294], "centroid": [-39.49742065887908, 6.1157149347814626, 20.566619897624385], "id": "a82af4e7e81334f8876b399a99a15c0f", "numVertices": 7619, "min": [-43.3661, 0.0626594, 16.9548]}
