{"max": [0.040566, 0.351339, 0.0432986], "centroid": [-0.023898123056641282, 0.14138993836519628, -0.021172751608089617], "id": "cdeccf2f410846d0e0155f56493d36bc", "numVertices": 22437, "min": [-0.0887455, 0.0, -0.0860129]}
