{"max": [2.60985, 3.16551, 0.0175145], "centroid": [-3.446696480137525e-17, 1.2576228988196703, -10.863569171475433], "id": "31a41e6a73c5d019efffdb45d12d0585", "numVertices": 610, "min": [-2.60985, -0.738622, -21.745]}
