{"max": [0.0671858, 0.0906548, 0.0729143], "centroid": [0.0038901497214886027, -0.013686843518607418, 0.00626851815126052], "id": "e7682974949a6aadea9a778eef212687", "numVertices": 833, "min": [-0.0671858, -0.0906548, -0.0729144]}
