{"max": [0.0, 0.10795, 0.2159], "centroid": [-0.10795002080799994, 0.04522132020799996, 0.06083747784000003], "id": "e823673c1edd73fb97c426435543a860", "numVertices": 250, "min": [-0.2159, 0.0, -0.0762]}
