{"max": [0.0, 0.83024, 0.56], "centroid": [-0.2599999960763888, 0.3912378784722223, 0.2569591512500002], "id": "ddfe96c6ec86b8752cbb5ed9636a4451", "numVertices": 288, "min": [-0.52, 0.0, 0.0]}
