{"max": [-0.0141586, 0.9, -0.223524], "centroid": [-1.3136278313587184, 0.5398958031512787, -0.49380526800263796], "id": "68fce005fd18b5af598a453fd9fbd988", "numVertices": 4541, "min": [-2.5892, 0.0, -1.22352]}
