{"max": [5.59412, 12.4165, 32.335], "centroid": [-0.1027999979917122, 4.494365504020295, 8.210159043818544], "id": "de010f7468ceefc6fcfb3ae2df2f7efd", "numVertices": 16168, "min": [-5.51086, 0.174794, -16.2399]}
