{"max": [0.502032, 0.673191, -0.138805], "centroid": [0.18557305294815585, 0.2723244489963678, -0.4509001755389035], "id": "a791d4fa1d840408c5beea20858a99d5", "numVertices": 12943, "min": [-0.130261, 0.00185417, -0.771563]}
