{"max": [22.7232, 21.8075, 25.9386], "centroid": [-0.19778402490310054, 11.07469565348839, 3.017604950775189], "id": "e4c871d1d5e3c49844b2fa2cac0778f5", "numVertices": 1032, "min": [-23.1188, 0.0, -19.9034]}
