{"max": [-0.000907898, 1.27376, 0.000757217], "centroid": [-1.968509484802331, 0.6424897045662158, -1.296358929212447], "id": "575876c91251e1923d6e282938a47f9e", "numVertices": 22382, "min": [-3.06645, -6.1933e-08, -3.39965]}
