{"max": [0.532786, 0.12, 0.964228], "centroid": [0.41778622556391043, 0.06250001530075183, 0.8892278796992482], "id": "11913615a1b732d435836c728d324152", "numVertices": 266, "min": [0.302786, 0.00499999, 0.814228]}
