{"max": [0.445674, 0.3048, 0.495514], "centroid": [-0.011526524509804023, 0.04862151764705883, 0.038314072284313654], "id": "5563324c9902f243a2c59a4d90e63212", "numVertices": 2040, "min": [-0.468727, 0.0, -0.418886]}
