{"max": [0.0899127, 0.2, 0.0], "centroid": [0.04431371096065587, 0.09860028532786909, -0.04508794880163942], "id": "c1be3d580b4088bf4cc80585c0d3d970", "numVertices": 610, "min": [0.0, 0.0, -0.0899127]}
