{"max": [0.0974167, 0.156851, 0.096969], "centroid": [0.04489769162499994, 0.08970274935000015, 0.04444999665208339], "id": "6e44adec0854dfaa93fb5c975e8de2b7", "numVertices": 480, "min": [-0.00762137, -0.00383766, -0.00806905]}
