{"max": [0.0299719, 0.1524, 0.0299719], "centroid": [2.7535293269473127e-20, 0.04139531904761901, -8.948970312578766e-20], "id": "7ade4c8d7724e56b76d20e73c57c9a03", "numVertices": 252, "min": [-0.0299719, 0.0, -0.0299719]}
