{"max": [101.903, 22.0626, 64.5052], "centroid": [76.17383768188596, 7.433100288509769, 24.731227205217944], "id": "d605a53c0917acada80799ffaf21ea7d", "numVertices": 7972, "min": [50.4448, 3.5195, 1.40405]}
