{"max": [0.0237554, 0.029537, 0.151969], "centroid": [0.00010663748932008757, -0.016659413207576208, 0.02009472157908285], "id": "af708fe6eac1bc9450da8b99982a3057", "numVertices": 19429, "min": [-0.0240466, -0.154622, -0.0303513]}
