{"max": [0.15, 0.3, 0.15], "centroid": [8.131516293641283e-20, 0.1877051503906234, -3.076423664427619e-18], "id": "ffc7e98720e71017b3878cedd8c8fe6c", "numVertices": 3072, "min": [-0.15, 0.0, -0.15]}
