{"max": [0.0, 0.95, 0.47], "centroid": [-0.2349999947619047, 0.6521610000000007, 0.23499999476190478], "id": "7c1303d3a19a1cef51f77a6d7299806", "numVertices": 168, "min": [-0.47, 0.0, 0.0]}
