{"max": [0.394012, 0.115629, 2.99537], "centroid": [0.331630963015647, 0.04796726970355606, 2.9194486201991467], "id": "c39fb75015184c2a0c7f097b1a1f7a5", "numVertices": 703, "min": [0.265681, -0.000485877, 2.84986]}
