{"max": [5.30686, 10.0219, 5.30686], "centroid": [3.8061818305056244e-16, 5.100234556766743, -1.198733311624678e-15], "id": "de673ddf9df03b8278cf1a714198918", "numVertices": 17616, "min": [-5.30686, 0.0, -5.30686]}
