{"max": [0.222112, 0.1397, 0.222112], "centroid": [0.01397026388571429, 0.08272441067428564, 0.001830074285714276], "id": "6a772d12b98ab61dc26651d9d35b77ca", "numVertices": 175, "min": [-0.221361, 0.0, -0.222112]}
