{"max": [-1.85987, 0.675, -1.32142], "centroid": [-2.8237699999999966, 0.3176743699999999, -1.802746500000003], "id": "5171a910435f4c949a502993c14408e4", "numVertices": 200, "min": [-3.78987, 0.0, -2.25142]}
