{"max": [0.380417, 0.311999, 0.303416], "centroid": [0.10371411853735044, 0.2110093337518304, 0.10784602601728417], "id": "3b5e274f653258a737f437b479038901", "numVertices": 4779, "min": [-0.179115, 0.110059, -0.081166]}
