{"max": [0.786837, 0.21489, 0.677941], "centroid": [0.026762550921784454, 0.0050777528021437104, 0.16985722976170387], "id": "302618414a9991de3321831d2245cf06", "numVertices": 3452, "min": [-0.737198, -0.270865, -0.338089]}
