{"max": [-0.0584369, 0.36465, 0.354513], "centroid": [-0.148038896659454, 0.21532768162293797, 0.2649114564511776], "id": "6a13375f8fce3142e6597d391ab6fcc1", "numVertices": 7394, "min": [-0.227839, 0.00688007, 0.185112]}
