{"max": [1.39223, 0.46355, 0.146152], "centroid": [0.4491220154359752, 0.2565393504878052, -0.3088271655582316], "id": "cca20dbad3faf4343321831d2245cf06", "numVertices": 656, "min": [-0.284166, 0.0, -0.768248]}
