{"max": [0.227614, 0.172723, 0.140837], "centroid": [0.0929243671821257, 0.0358164785902252, 0.03857852677104724], "id": "2ff5347d6ee079855337cdc4b758988c", "numVertices": 6445, "min": [-0.0340363, -0.101985, -0.0606609]}
