{"max": [0.00742119, 0.0112814, 0.0102889], "centroid": [4.068668587410285e-05, 0.0010762810642057346, -0.0007775150489620619], "id": "3ba7dd61736e7a96270c0e719fe4ed97", "numVertices": 4375, "min": [-0.00742067, -0.0112817, -0.0102897]}
