{"max": [0.363208, 0.48295, 0.363208], "centroid": [0.00099815318889228, 0.13131753809093577, 2.5515310205090662e-19], "id": "53f5240e1e82c96e2d20e9f11baa5f8f", "numVertices": 3277, "min": [-0.363208, 0.0, -0.363208]}
