{"max": [-1.49944, 1.72812, 1.15461], "centroid": [-2.4214812391304346, 0.838941635652174, 0.22424030644782614], "id": "9097ce398b9700a27e561f865dc44fc5", "numVertices": 460, "min": [-3.352, -0.0841375, -0.697959]}
