{"max": [0.0827492, 0.232707, 0.03], "centroid": [-0.10499996816079288, 0.12577455837004414, -0.03165128370044055], "id": "1f223cac61e3679ef235ab3c41aeb5b6", "numVertices": 908, "min": [-0.292749, 0.0, -0.137184]}
