{"max": [1.0795, 3.17246, 0.0], "centroid": [7.120501342877829e-05, 1.8993835004476358, -2.315902807425248], "id": "4477714b35747609f34d244dc02df229", "numVertices": 1117, "min": [-1.0795, 0.0, -7.112]}
