{"max": [0.0890839, 0.650149, 0.711634], "centroid": [-0.29626525455344793, 0.1667839717825383, 0.3259121860532424], "id": "8fff3a4ba8db098bd2b12aa6a0f050b3", "numVertices": 14274, "min": [-0.682032, -0.00702638, -0.059613]}
