{"max": [2.29651, 0.901782, -0.547392], "centroid": [1.9946307692307697, 0.6850701701538462, -0.7992683846153846], "id": "9fe4d78e7d4085c2f1b010366bb60ce8", "numVertices": 52, "min": [1.69276, -0.000111394, -1.05114]}
