{"max": [-0.00219075, 0.1143, 4.66472], "centroid": [-0.060716228378378395, 0.050278771621621636, 4.568754729729729], "id": "1d18255a04d22794e521eeb8bb14c5b3", "numVertices": 74, "min": [-0.129093, -0.01905, 4.48219]}
