{"max": [0.1409, 0.9283, 0.3601], "centroid": [-0.7708069329729733, 0.44754131274131326, -4.145974613127412], "id": "6c1cfb2fe245b969c2e818a707fdb3e0", "numVertices": 259, "min": [-1.6649, 0.0, -7.59116]}
