{"max": [0.125667, 0.274715, 0.125667], "centroid": [1.2674511408292972e-18, 0.16432100416184992, 3.850484478468751e-19], "id": "1ca73dffe31553efcb349a60fd15aa15", "numVertices": 865, "min": [-0.125667, 0.0198638, -0.125667]}
