{"max": [0.357015, 0.678908, 0.269615], "centroid": [0.038059804323560285, 0.12445948913804433, -0.049313326820435585], "id": "4dbbece412ef64b6d2b12aa6a0f050b3", "numVertices": 29932, "min": [-0.280815, -0.0730199, -0.368215]}
