{"max": [-0.00462759, 0.653391, 0.900664], "centroid": [-0.9626090893075726, 0.48539213379259266, 0.5017316369468605], "id": "c8108de19d8a3005c5beea20858a99d5", "numVertices": 621, "min": [-1.92074, -0.00149601, -0.0007112]}
