{"max": [0.272518, 0.5334, 0.267343], "centroid": [-0.004105857494252874, 0.25436018850574693, -0.049371370114942525], "id": "eb8d2e7e18906c7f25ebd1cd0b422e32", "numVertices": 435, "min": [-0.28073, 0.0, -0.285905]}
