{"max": [0.0547903, 0.244275, 0.0547796], "centroid": [0.0009228671510416677, 0.15790656999999966, 0.00014984686458333283], "id": "8ea8ced5529a3ffa7ae0a62f7ca532f1", "numVertices": 384, "min": [-0.0548708, 0.0, -0.0548815]}
