{"max": [3.28295, 2.47174, 2.13201], "centroid": [1.64136725, 1.23587, 1.05986975], "id": "98c3ddee85264efd7cd51b1084c649a6", "numVertices": 8, "min": [0.0, 0.0, 0.0]}
