{"max": [0.262028, 0.732562, 0.262028], "centroid": [-0.0029563333333333325, 0.400187377777778, 0.002956333333333334], "id": "4cd2f74d052b561952e2d18963a75b4d", "numVertices": 90, "min": [-0.262028, 0.0, -0.262028]}
