{"max": [1.09172, 0.439842, -0.679059], "centroid": [1.0012300900837878, 0.2540514214916218, -0.7695460328212307], "id": "1a9dade4e4a4c47589035c25f0dfeb63", "numVertices": 4296, "min": [0.910743, 0.0, -0.860034]}
