{"max": [3.12455, 2.03537, 0.656123], "centroid": [2.49646243902439, 1.1921710569105692, 0.06332114634146345], "id": "af61c129521b9a36ad56360b1d2e97b8", "numVertices": 123, "min": [1.88463, 0.0, -0.583803]}
