{"max": [0.0, 0.37, 0.0], "centroid": [-0.30848260808776173, 0.2125533073779299, -0.17999998558829702], "id": "fd34f47eb1b816139a625c8b524db46e", "numVertices": 4649, "min": [-0.505, 0.0, -0.36]}
