{"max": [-1.53027, -0.933127, 2.0686], "centroid": [-1.557689979825145, -0.9777522965702788, 1.9771648083389368], "id": "13cdb5df9a944fcbb7a867e9b35a1295", "numVertices": 1487, "min": [-1.58527, -1.06513, 1.9076]}
