{"max": [0.640771, 2.50314, 0.719865], "centroid": [-0.004667719103773574, 1.7003795408805005, -0.004135654428721155], "id": "aa638e39c28f3a184800dfbcda5cce3", "numVertices": 3816, "min": [-0.904233, 0.647666, -0.82514]}
