{"max": [0.0, 0.762, 0.762], "centroid": [-1.0668005069306934, 0.3511990099009902, 0.38892183267326746], "id": "4954953090ca7442527e7f2c027f7469", "numVertices": 101, "min": [-2.1336, 0.0, 0.0]}
