{"max": [-1.86265e-09, 0.15, 0.357388], "centroid": [-0.2536940214644576, 0.12803587499999997, 0.17869402146445776], "id": "d224635923b9ec4637dc91749a7c4915", "numVertices": 64, "min": [-0.507388, 0.0, 1.86265e-09]}
