{"max": [2.7445, 10.4717, -2.7445], "centroid": [-2.220446049250313e-18, 4.839496254100007, -5.489008049999998], "id": "bcf5a4b764ddeac759f9892433e1b1f4", "numVertices": 400, "min": [-2.7445, 0.0, -8.23351]}
