{"max": [-1.99377, 0.46112, 1.81928], "centroid": [-2.1492963352272705, 0.26849872064394015, 1.6599625284090898], "id": "c5beb87c12986f859f3323e6dbd51308", "numVertices": 1056, "min": [-2.31289, 0.0, 1.50015]}
