{"max": [0.0665966, 0.180683, 0.0642496], "centroid": [0.03627171266025647, 0.12198002115384633, 0.03392472939102564], "id": "d9aee510fd5e8afb93fb5c975e8de2b7", "numVertices": 624, "min": [0.00594685, 0.0, 0.00359987]}
