{"max": [-4.02342, 17.6957, 32.5606], "centroid": [-27.67297579816494, 7.927963105045857, 22.976839720183637], "id": "ae4f28a7c4e22d9535dda488a4bbb1e1", "numVertices": 2180, "min": [-51.6184, 0.677721, 9.19258]}
