{"max": [0.084683, 1.07669, 0.084683], "centroid": [-2.6272782934918446e-19, 1.005431348547719, -9.717330674558878e-19], "id": "45603bffc6a2866b5d1ac0d5489f7d84", "numVertices": 482, "min": [-0.084683, 0.948402, -0.084683]}
