{"max": [0.608586, 0.154519, 0.198741], "centroid": [0.3421365239976762, 0.06789636950274619, -0.05829950166461378], "id": "ea7913efbe22abed412deb0d2b0f3dcd", "numVertices": 1721, "min": [0.0850959, 1.11759e-07, -0.324749]}
