{"max": [-0.114151, 15.5908, 4.01606], "centroid": [-7.003394311351385, 8.010856756756677, -2.873187275783778], "id": "dd37047caaffb379f9215f842248bc25", "numVertices": 3700, "min": [-13.8926, 2.18077, -9.76243]}
