{"max": [1.34121, 1.73294, 9.06917], "centroid": [-0.0008760925129088883, 0.811667150258174, 4.382807525172132], "id": "9472a24df8372cd42e436d38f27146ec", "numVertices": 4648, "min": [-1.34121, 0.0, 0.561685]}
