{"max": [0.406218, 1.97167, 12.8445], "centroid": [-4.4815120120370375, 1.026992407407408, 6.188360277777777], "id": "80c6a14accb189a9c2c2c81e2232aa95", "numVertices": 108, "min": [-9.36924, 0.0, -1.54134]}
