{"max": [-0.000465855, 0.0872786, 0.0630341], "centroid": [-0.03175000156492846, 0.04223379085889607, 0.03175000156492846], "id": "ed323758d0f61cfe6085a0a38e2f255", "numVertices": 3912, "min": [-0.0630341, 0.0, 0.000465855]}
