{"max": [1.0033, 0.6096, 0.0], "centroid": [0.5016499977678572, 0.5410045357142856, -0.3048000000000001], "id": "ec316148b4cdd446b6068c62e84866a1", "numVertices": 112, "min": [0.0, 0.0, -0.6096]}
