{"max": [0.178959, 0.350204, 0.532479], "centroid": [-1.1036094737114478e-06, 0.08008811651135733, 0.0004388855587813593], "id": "9da456e7bae24501ffc6e457221b9271", "numVertices": 3610, "min": [-0.178961, 0.000207188, -0.532481]}
