{"max": [0.176166, 0.205, 0.0253264], "centroid": [0.08616596493186807, 0.04671163164835159, -0.06452104285714284], "id": "23eaba9bdd51a5b0dfe9cab879fd37e8", "numVertices": 455, "min": [-0.00383404, 0.005, -0.154674]}
