{"max": [0.149276, 0.249969, 0.0], "centroid": [0.07463779588980009, 0.11694037267759581, -0.07463778353096569], "id": "cf65c7fb56850194490ad276cd2af3a4", "numVertices": 10980, "min": [0.0, 0.0, -0.149276]}
