{"max": [0.45, 0.95, 0.45], "centroid": [8.40966846249457e-05, 0.4301625503522575, -0.27996274761707407], "id": "3143a4accdc23349cac584186c95ce9b", "numVertices": 2413, "min": [-0.45, -0.05, -0.840053]}
