{"max": [0.477394, 0.990589, 0.535548], "centroid": [-0.007622327416974174, 0.3304236959055353, 0.07405137149815495], "id": "1c4257c50d27388525ebd1cd0b422e32", "numVertices": 271, "min": [-0.538468, -5.08e-08, -0.443091]}
